Workbook

Sheet Dashboard
A1: Corridor Recovery — Dashboard
A2: ="As of "&TEXT(Assumptions!$D$5,"yyyy-mm-dd") -> As of 2026-09-14
A4: Metric | D4: Value
A5: Clients (all stages) | D5: =COUNTA(Clients!A2:A200) -> 1
A6: Clients engaged or beyond | D6: =COUNTIF(Clients!G2:G200,"Engaged")+COUNTIF(Clients!G2:G200,"Data in")+COUNTIF(Clients!G2:G200,"Findings sent")+COUNTIF(Clients!G2:G200,"Filed")+COUNTIF(Clients!G2:G200,"Refunded") -> 1
A7: Estimated exposure, all clients (US$) | D7: =SUM(Clients!K2:K200) -> 504000
A8: IEEPA duty logged from entries (US$) | D8: =SUM(Entries!J2:J1000) -> 151750
A9: of which Phase 1 (US$) | D9: =SUMIF(Entries!L2:L1000,"Phase 1*",Entries!J2:J1000) -> 106750
A10: of which protest required (US$) | D10: =SUMIF(Entries!L2:L1000,"Protest required",Entries!J2:J1000) -> 0
A11: of which deadline passed (US$) | D11: =SUMIF(Entries!L2:L1000,"Deadline passed — litigation only",Entries!J2:J1000) -> 45000
A12: Entries with deadline < urgent threshold (#) | D12: =COUNTIF(Entries!O2:O1000,"<"&Assumptions!$B$17)-COUNTIF(Entries!O2:O1000,"<0") -> 0
A13: Entries past deadline (#) | D13: =COUNTIF(Entries!O2:O1000,"<0") -> 1
A14: Entries on ESTIMATED liquidation date (#) — fix these first | D14: =COUNTIF(Entries!I2:I1000,"Y") -> 2
A15: Claimed to date (US$) | D15: =SUM(Entries!P2:P1000) -> 0
A16: Refunded to date (US$) | D16: =SUM(Entries!Q2:Q1000) -> 0
A17: Fees earned to date (US$) | D17: =SUM(Entries!R2:R1000) -> 0
A18: Expected gross fee on logged duty (US$) | D18: =(D9*Assumptions!$B$11+D10*Assumptions!$B$12)*Assumptions!$B$15 -> 8540
A19: Expected net fee after broker share (US$) | D19: =D18*(1-Assumptions!$B$14) -> 6405
A22: Rules: never quote a client a figure from this sheet while any of their entries show 'Y' in Entries col I. Deadlines are computed from Assumptions; the ACE liquidation date always wins.

Sheet Assumptions
A1: Corridor Recovery — Claim & Deadline Tracker v1
A2: Blue = inputs you edit. Black = formulas. Yellow = key assumptions. Dates as yyyy-mm-dd.
A4: Assumption | B4: Value | C4: Source / note
A5: Today (leave blank to use system date) | C5: → effective today in D5 | D5: =IF(B5="",TODAY(),B5) -> 46279
A6: Protest window after liquidation (days) | B6: 180 | C6: 19 U.S.C. 1514 / 19 CFR 174.12 — 180 days
A7: Phase 1 window: days after liquidation still filable in CAPE | B7: 80 | C7: CBP CAPE guidance, Apr 2026 (Phase 1 = unliquidated or within 80 days of liquidation)
A8: Typical liquidation lag from entry (days) — used ONLY to estimate when actual date unknown | B8: 314 | C8: CBP default liquidation ~314 days after entry; ALWAYS replace with the real ACE date
A9: IEEPA collection start | B9: 45692 | C9: First fentanyl/border IEEPA duties on Canada
A10: IEEPA collection end | B10: 46077 | C10: Collection stopped after SCOTUS ruling of Feb 20 2026
A11: Fee — simple (Phase 1) | B11: 0.1 | C11: CM-PB-2026-002 §6
A12: Fee — complex (protest / reconciliation / stuck) | B12: 0.225 | C12: CM-PB-2026-002 §6 (20–25%)
A13: Fee — Canadian surtax remission/drawback | B13: 0.25 | C13: CM-PB-2026-002 §6 (20–30%)
A14: Partner broker share of fee | B14: 0.25 | C14: Assumption — set when agreements are signed
A15: Realization haircut (share of claimed $ expected to pay) | B15: 0.8 | C15: Assumption — rejected entries, partial approvals
A16: Canadian surtax refund window (days from import) | B16: 730 | C16: CBSA: 2 years from date of importation
A17: Urgent threshold (days remaining) | B17: 30 | C17: Turns a row red

Sheet Clients
A1: Client ID | B1: Company | C1: Bucket (A/B/C/D) | D1: Contact | E1: Phone / email | F1: Customs broker (theirs) | G1: Stage | H1: US sales in window (US$) | I1: Share not CUSMA-qualified | J1: Est. rate paid | K1: Est. exposure (US$) | L1: Engagement signed (date) | M1: Authorization received | N1: Broker report received | O1: ACE/ACH enrolled (Y/N) | P1: Entries logged (#) | Q1: Total IEEPA duty logged (US$) | R1: Earliest deadline | S1: Days to earliest deadline | T1: Claimed (US$) | U1: Refunded (US$) | V1: Fee invoiced (US$) | W1: Notes
A2: CL-001 | B2: Example Furniture Ltd (EXAMPLE ROW — replace) | C2: A | D2: Jane Doe | E2: 604-000-0000 / jane@example.com | F2: Livingston | G2: Data in | H2: 2400000 | I2: 0.6 | J2: 0.35 | K2: =IF(H2="","",H2*I2*J2) -> 504000 | L2: 46297 | M2: Y | N2: Y | O2: N | P2: =IF(A2="","",COUNTIF(Entries!$B:$B,A2)) -> 3 | Q2: =IF(A2="","",SUMIF(Entries!$B:$B,A2,Entries!$J:$J)) -> 151750 | R2: =IF(OR(A2="",P2=0),"",_xlfn.MINIFS(Entries!$N:$N,Entries!$B:$B,A2)) -> 46224 | S2: =IF(R2="","",R2-Assumptions!$D$5) -> -55 | T2: =IF(A2="","",SUMIF(Entries!$B:$B,A2,Entries!$P:$P)) -> 0 | U2: =IF(A2="","",SUMIF(Entries!$B:$B,A2,Entries!$Q:$Q)) -> 0 | V2: =IF(A2="","",SUMIF(Entries!$B:$B,A2,Entries!$R:$R)) -> 0 | W2: Trial client. Ships DDP to 3 US distributors.
K3: =IF(H3="","",H3*I3*J3) | P3: =IF(A3="","",COUNTIF(Entries!$B:$B,A3)) | Q3: =IF(A3="","",SUMIF(Entries!$B:$B,A3,Entries!$J:$J)) | R3: =IF(OR(A3="",P3=0),"",_xlfn.MINIFS(Entries!$N:$N,Entries!$B:$B,A3)) | S3: =IF(R3="","",R3-Assumptions!$D$5) | T3: =IF(A3="","",SUMIF(Entries!$B:$B,A3,Entries!$P:$P)) | U3: =IF(A3="","",SUMIF(Entries!$B:$B,A3,Entries!$Q:$Q)) | V3: =IF(A3="","",SUMIF(Entries!$B:$B,A3,Entries!$R:$R))
K4: =IF(H4="","",H4*I4*J4) | P4: =IF(A4="","",COUNTIF(Entries!$B:$B,A4)) | Q4: =IF(A4="","",SUMIF(Entries!$B:$B,A4,Entries!$J:$J)) | R4: =IF(OR(A4="",P4=0),"",_xlfn.MINIFS(Entries!$N:$N,Entries!$B:$B,A4)) | S4: =IF(R4="","",R4-Assumptions!$D$5) | T4: =IF(A4="","",SUMIF(Entries!$B:$B,A4,Entries!$P:$P)) | U4: =IF(A4="","",SUMIF(Entries!$B:$B,A4,Entries!$Q:$Q)) | V4: =IF(A4="","",SUMIF(Entries!$B:$B,A4,Entries!$R:$R))
K5: =IF(H5="","",H5*I5*J5) | P5: =IF(A5="","",COUNTIF(Entries!$B:$B,A5)) | Q5: =IF(A5="","",SUMIF(Entries!$B:$B,A5,Entries!$J:$J)) | R5: =IF(OR(A5="",P5=0),"",_xlfn.MINIFS(Entries!$N:$N,Entries!$B:$B,A5)) | S5: =IF(R5="","",R5-Assumptions!$D$5) | T5: =IF(A5="","",SUMIF(Entries!$B:$B,A5,Entries!$P:$P)) | U5: =IF(A5="","",SUMIF(Entries!$B:$B,A5,Entries!$Q:$Q)) | V5: =IF(A5="","",SUMIF(Entries!$B:$B,A5,Entries!$R:$R))
K6: =IF(H6="","",H6*I6*J6) | P6: =IF(A6="","",COUNTIF(Entries!$B:$B,A6)) | Q6: =IF(A6="","",SUMIF(Entries!$B:$B,A6,Entries!$J:$J)) | R6: =IF(OR(A6="",P6=0),"",_xlfn.MINIFS(Entries!$N:$N,Entries!$B:$B,A6)) | S6: =IF(R6="","",R6-Assumptions!$D$5) | T6: =IF(A6="","",SUMIF(Entries!$B:$B,A6,Entries!$P:$P)) | U6: =IF(A6="","",SUMIF(Entries!$B:$B,A6,Entries!$Q:$Q)) | V6: =IF(A6="","",SUMIF(Entries!$B:$B,A6,Entries!$R:$R))
K7: =IF(H7="","",H7*I7*J7) | P7: =IF(A7="","",COUNTIF(Entries!$B:$B,A7)) | Q7: =IF(A7="","",SUMIF(Entries!$B:$B,A7,Entries!$J:$J)) | R7: =IF(OR(A7="",P7=0),"",_xlfn.MINIFS(Entries!$N:$N,Entries!$B:$B,A7)) | S7: =IF(R7="","",R7-Assumptions!$D$5) | T7: =IF(A7="","",SUMIF(Entries!$B:$B,A7,Entries!$P:$P)) | U7: =IF(A7="","",SUMIF(Entries!$B:$B,A7,Entries!$Q:$Q)) | V7: =IF(A7="","",SUMIF(Entries!$B:$B,A7,Entries!$R:$R))
K8: =IF(H8="","",H8*I8*J8) | P8: =IF(A8="","",COUNTIF(Entries!$B:$B,A8)) | Q8: =IF(A8="","",SUMIF(Entries!$B:$B,A8,Entries!$J:$J)) | R8: =IF(OR(A8="",P8=0),"",_xlfn.MINIFS(Entries!$N:$N,Entries!$B:$B,A8)) | S8: =IF(R8="","",R8-Assumptions!$D$5) | T8: =IF(A8="","",SUMIF(Entries!$B:$B,A8,Entries!$P:$P)) | U8: =IF(A8="","",SUMIF(Entries!$B:$B,A8,Entries!$Q:$Q)) | V8: =IF(A8="","",SUMIF(Entries!$B:$B,A8,Entries!$R:$R))
K9: =IF(H9="","",H9*I9*J9) | P9: =IF(A9="","",COUNTIF(Entries!$B:$B,A9)) | Q9: =IF(A9="","",SUMIF(Entries!$B:$B,A9,Entries!$J:$J)) | R9: =IF(OR(A9="",P9=0),"",_xlfn.MINIFS(Entries!$N:$N,Entries!$B:$B,A9)) | S9: =IF(R9="","",R9-Assumptions!$D$5) | T9: =IF(A9="","",SUMIF(Entries!$B:$B,A9,Entries!$P:$P)) | U9: =IF(A9="","",SUMIF(Entries!$B:$B,A9,Entries!$Q:$Q)) | V9: =IF(A9="","",SUMIF(Entries!$B:$B,A9,Entries!$R:$R))
K10: =IF(H10="","",H10*I10*J10) | P10: =IF(A10="","",COUNTIF(Entries!$B:$B,A10)) | Q10: =IF(A10="","",SUMIF(Entries!$B:$B,A10,Entries!$J:$J)) | R10: =IF(OR(A10="",P10=0),"",_xlfn.MINIFS(Entries!$N:$N,Entries!$B:$B,A10)) | S10: =IF(R10="","",R10-Assumptions!$D$5) | T10: =IF(A10="","",SUMIF(Entries!$B:$B,A10,Entries!$P:$P)) | U10: =IF(A10="","",SUMIF(Entries!$B:$B,A10,Entries!$Q:$Q)) | V10: =IF(A10="","",SUMIF(Entries!$B:$B,A10,Entries!$R:$R))
K11: =IF(H11="","",H11*I11*J11) | P11: =IF(A11="","",COUNTIF(Entries!$B:$B,A11)) | Q11: =IF(A11="","",SUMIF(Entries!$B:$B,A11,Entries!$J:$J)) | R11: =IF(OR(A11="",P11=0),"",_xlfn.MINIFS(Entries!$N:$N,Entries!$B:$B,A11)) | S11: =IF(R11="","",R11-Assumptions!$D$5) | T11: =IF(A11="","",SUMIF(Entries!$B:$B,A11,Entries!$P:$P)) | U11: =IF(A11="","",SUMIF(Entries!$B:$B,A11,Entries!$Q:$Q)) | V11: =IF(A11="","",SUMIF(Entries!$B:$B,A11,Entries!$R:$R))
K12: =IF(H12="","",H12*I12*J12) | P12: =IF(A12="","",COUNTIF(Entries!$B:$B,A12)) | Q12: =IF(A12="","",SUMIF(Entries!$B:$B,A12,Entries!$J:$J)) | R12: =IF(OR(A12="",P12=0),"",_xlfn.MINIFS(Entries!$N:$N,Entries!$B:$B,A12)) | S12: =IF(R12="","",R12-Assumptions!$D$5) | T12: =IF(A12="","",SUMIF(Entries!$B:$B,A12,Entries!$P:$P)) | U12: =IF(A12="","",SUMIF(Entries!$B:$B,A12,Entries!$Q:$Q)) | V12: =IF(A12="","",SUMIF(Entries!$B:$B,A12,Entries!$R:$R))
K13: =IF(H13="","",H13*I13*J13) | P13: =IF(A13="","",COUNTIF(Entries!$B:$B,A13)) | Q13: =IF(A13="","",SUMIF(Entries!$B:$B,A13,Entries!$J:$J)) | R13: =IF(OR(A13="",P13=0),"",_xlfn.MINIFS(Entries!$N:$N,Entries!$B:$B,A13)) | S13: =IF(R13="","",R13-Assumptions!$D$5) | T13: =IF(A13="","",SUMIF(Entries!$B:$B,A13,Entries!$P:$P)) | U13: =IF(A13="","",SUMIF(Entries!$B:$B,A13,Entries!$Q:$Q)) | V13: =IF(A13="","",SUMIF(Entries!$B:$B,A13,Entries!$R:$R))
K14: =IF(H14="","",H14*I14*J14) | P14: =IF(A14="","",COUNTIF(Entries!$B:$B,A14)) | Q14: =IF(A14="","",SUMIF(Entries!$B:$B,A14,Entries!$J:$J)) | R14: =IF(OR(A14="",P14=0),"",_xlfn.MINIFS(Entries!$N:$N,Entries!$B:$B,A14)) | S14: =IF(R14="","",R14-Assumptions!$D$5) | T14: =IF(A14="","",SUMIF(Entries!$B:$B,A14,Entries!$P:$P)) | U14: =IF(A14="","",SUMIF(Entries!$B:$B,A14,Entries!$Q:$Q)) | V14: =IF(A14="","",SUMIF(Entries!$B:$B,A14,Entries!$R:$R))
... K200: =IF(H200="","",H200*I200*J200) | P200: =IF(A200="","",COUNTIF(Entries!$B:$B,A200)) | Q200: =IF(A200="","",SUMIF(Entries!$B:$B,A200,Entries!$J:$J)) | R200: =IF(OR(A200="",P200=0),"",_xlfn.MINIFS(Entries!$N:$N,Entries!$B:$B,A200)) | S200: =IF(R200="","",R200-Assumptions!$D$5) | T200: =IF(A200="","",SUMIF(Entries!$B:$B,A200,Entries!$P:$P)) | U200: =IF(A200="","",SUMIF(Entries!$B:$B,A200,Entries!$Q:$Q)) | V200: =IF(A200="","",SUMIF(Entries!$B:$B,A200,Entries!$R:$R))

Sheet Entries
A1: Entry # | B1: Client ID | C1: Entry date | D1: Port | E1: HTS (Ch. 99 IEEPA line?) | F1: Entered value (US$) | G1: IEEPA rate | H1: Liquidation date (from ACE) | I1: Liquidation date estimated? (Y/N) | J1: IEEPA duty paid (US$) | K1: Days since liquidation | L1: Phase | M1: Protest deadline | N1: Governing deadline | O1: Days remaining | P1: Claimed (US$) | Q1: Refunded (US$) | R1: Fee (US$) | S1: Status | T1: Filed via | U1: Notes
A2: ABC-1234567-8 | B2: CL-001 | C2: 45730 | D2: Blaine (3004) | E2: 9903.01.10 | F2: 180000 | G2: 0.25 | H2: 46044 | I2: N | J2: =IF(F2="","",F2*G2) -> 45000 | K2: =IF(A2="","",IF(H2<>"",Assumptions!$D$5-H2,IF(C2="","",Assumptions!$D$5-(C2+Assumptions!$B$8)))) -> 235 | L2: =IF(K2="","",IF(K2<0,"Phase 1 (unliquidated)",IF(K2<=Assumptions!$B$7,"Phase 1 (recently liquidated)",IF(K2<=Assumptions!$B$6,"Protest required","Deadline passed — litigation only")))) -> Deadline passed — litigation only | M2: =IF(K2="","",IF(H2<>"",H2+Assumptions!$B$6,C2+Assumptions!$B$8+Assumptions!$B$6)) -> 46224 | N2: =IF(K2="","",IF(K2<0,IF(H2<>"",H2+Assumptions!$B$7,C2+Assumptions!$B$8+Assumptions!$B$7),M2)) -> 46224 | O2: =IF(N2="","",N2-Assumptions!$D$5) -> -55 | R2: =IF(Q2="","",Q2*IF(LEFT(L2,7)="Phase 1",Assumptions!$B$11,Assumptions!$B$12)) | S2: Not filed | U2: EXAMPLE — liquidated; protest window
A3: ABC-1234568-9 | B3: CL-001 | C3: 45903 | D3: Blaine (3004) | E3: 9903.01.10 | F3: 210000 | G3: 0.35 | I3: Y | J3: =IF(F3="","",F3*G3) -> 73500 | K3: =IF(A3="","",IF(H3<>"",Assumptions!$D$5-H3,IF(C3="","",Assumptions!$D$5-(C3+Assumptions!$B$8)))) -> 62 | L3: =IF(K3="","",IF(K3<0,"Phase 1 (unliquidated)",IF(K3<=Assumptions!$B$7,"Phase 1 (recently liquidated)",IF(K3<=Assumptions!$B$6,"Protest required","Deadline passed — litigation only")))) -> Phase 1 (recently liquidated) | M3: =IF(K3="","",IF(H3<>"",H3+Assumptions!$B$6,C3+Assumptions!$B$8+Assumptions!$B$6)) -> 46397 | N3: =IF(K3="","",IF(K3<0,IF(H3<>"",H3+Assumptions!$B$7,C3+Assumptions!$B$8+Assumptions!$B$7),M3)) -> 46397 | O3: =IF(N3="","",N3-Assumptions!$D$5) -> 118 | R3: =IF(Q3="","",Q3*IF(LEFT(L3,7)="Phase 1",Assumptions!$B$11,Assumptions!$B$12)) | S3: Not filed | U3: EXAMPLE — no ACE date yet; estimated
A4: ABC-1234569-0 | B4: CL-001 | C4: 46042 | D4: Blaine (3004) | E4: 9903.01.10 | F4: 95000 | G4: 0.35 | I4: Y | J4: =IF(F4="","",F4*G4) -> 33250 | K4: =IF(A4="","",IF(H4<>"",Assumptions!$D$5-H4,IF(C4="","",Assumptions!$D$5-(C4+Assumptions!$B$8)))) -> -77 | L4: =IF(K4="","",IF(K4<0,"Phase 1 (unliquidated)",IF(K4<=Assumptions!$B$7,"Phase 1 (recently liquidated)",IF(K4<=Assumptions!$B$6,"Protest required","Deadline passed — litigation only")))) -> Phase 1 (unliquidated) | M4: =IF(K4="","",IF(H4<>"",H4+Assumptions!$B$6,C4+Assumptions!$B$8+Assumptions!$B$6)) -> 46536 | N4: =IF(K4="","",IF(K4<0,IF(H4<>"",H4+Assumptions!$B$7,C4+Assumptions!$B$8+Assumptions!$B$7),M4)) -> 46436 | O4: =IF(N4="","",N4-Assumptions!$D$5) -> 157 | R4: =IF(Q4="","",Q4*IF(LEFT(L4,7)="Phase 1",Assumptions!$B$11,Assumptions!$B$12)) | S4: Not filed | U4: EXAMPLE — likely unliquidated → Phase 1
J5: =IF(F5="","",F5*G5) | K5: =IF(A5="","",IF(H5<>"",Assumptions!$D$5-H5,IF(C5="","",Assumptions!$D$5-(C5+Assumptions!$B$8)))) | L5: =IF(K5="","",IF(K5<0,"Phase 1 (unliquidated)",IF(K5<=Assumptions!$B$7,"Phase 1 (recently liquidated)",IF(K5<=Assumptions!$B$6,"Protest required","Deadline passed — litigation only")))) | M5: =IF(K5="","",IF(H5<>"",H5+Assumptions!$B$6,C5+Assumptions!$B$8+Assumptions!$B$6)) | N5: =IF(K5="","",IF(K5<0,IF(H5<>"",H5+Assumptions!$B$7,C5+Assumptions!$B$8+Assumptions!$B$7),M5)) | O5: =IF(N5="","",N5-Assumptions!$D$5) | R5: =IF(Q5="","",Q5*IF(LEFT(L5,7)="Phase 1",Assumptions!$B$11,Assumptions!$B$12))
J6: =IF(F6="","",F6*G6) | K6: =IF(A6="","",IF(H6<>"",Assumptions!$D$5-H6,IF(C6="","",Assumptions!$D$5-(C6+Assumptions!$B$8)))) | L6: =IF(K6="","",IF(K6<0,"Phase 1 (unliquidated)",IF(K6<=Assumptions!$B$7,"Phase 1 (recently liquidated)",IF(K6<=Assumptions!$B$6,"Protest required","Deadline passed — litigation only")))) | M6: =IF(K6="","",IF(H6<>"",H6+Assumptions!$B$6,C6+Assumptions!$B$8+Assumptions!$B$6)) | N6: =IF(K6="","",IF(K6<0,IF(H6<>"",H6+Assumptions!$B$7,C6+Assumptions!$B$8+Assumptions!$B$7),M6)) | O6: =IF(N6="","",N6-Assumptions!$D$5) | R6: =IF(Q6="","",Q6*IF(LEFT(L6,7)="Phase 1",Assumptions!$B$11,Assumptions!$B$12))
J7: =IF(F7="","",F7*G7) | K7: =IF(A7="","",IF(H7<>"",Assumptions!$D$5-H7,IF(C7="","",Assumptions!$D$5-(C7+Assumptions!$B$8)))) | L7: =IF(K7="","",IF(K7<0,"Phase 1 (unliquidated)",IF(K7<=Assumptions!$B$7,"Phase 1 (recently liquidated)",IF(K7<=Assumptions!$B$6,"Protest required","Deadline passed — litigation only")))) | M7: =IF(K7="","",IF(H7<>"",H7+Assumptions!$B$6,C7+Assumptions!$B$8+Assumptions!$B$6)) | N7: =IF(K7="","",IF(K7<0,IF(H7<>"",H7+Assumptions!$B$7,C7+Assumptions!$B$8+Assumptions!$B$7),M7)) | O7: =IF(N7="","",N7-Assumptions!$D$5) | R7: =IF(Q7="","",Q7*IF(LEFT(L7,7)="Phase 1",Assumptions!$B$11,Assumptions!$B$12))
J8: =IF(F8="","",F8*G8) | K8: =IF(A8="","",IF(H8<>"",Assumptions!$D$5-H8,IF(C8="","",Assumptions!$D$5-(C8+Assumptions!$B$8)))) | L8: =IF(K8="","",IF(K8<0,"Phase 1 (unliquidated)",IF(K8<=Assumptions!$B$7,"Phase 1 (recently liquidated)",IF(K8<=Assumptions!$B$6,"Protest required","Deadline passed — litigation only")))) | M8: =IF(K8="","",IF(H8<>"",H8+Assumptions!$B$6,C8+Assumptions!$B$8+Assumptions!$B$6)) | N8: =IF(K8="","",IF(K8<0,IF(H8<>"",H8+Assumptions!$B$7,C8+Assumptions!$B$8+Assumptions!$B$7),M8)) | O8: =IF(N8="","",N8-Assumptions!$D$5) | R8: =IF(Q8="","",Q8*IF(LEFT(L8,7)="Phase 1",Assumptions!$B$11,Assumptions!$B$12))
J9: =IF(F9="","",F9*G9) | K9: =IF(A9="","",IF(H9<>"",Assumptions!$D$5-H9,IF(C9="","",Assumptions!$D$5-(C9+Assumptions!$B$8)))) | L9: =IF(K9="","",IF(K9<0,"Phase 1 (unliquidated)",IF(K9<=Assumptions!$B$7,"Phase 1 (recently liquidated)",IF(K9<=Assumptions!$B$6,"Protest required","Deadline passed — litigation only")))) | M9: =IF(K9="","",IF(H9<>"",H9+Assumptions!$B$6,C9+Assumptions!$B$8+Assumptions!$B$6)) | N9: =IF(K9="","",IF(K9<0,IF(H9<>"",H9+Assumptions!$B$7,C9+Assumptions!$B$8+Assumptions!$B$7),M9)) | O9: =IF(N9="","",N9-Assumptions!$D$5) | R9: =IF(Q9="","",Q9*IF(LEFT(L9,7)="Phase 1",Assumptions!$B$11,Assumptions!$B$12))
J10: =IF(F10="","",F10*G10) | K10: =IF(A10="","",IF(H10<>"",Assumptions!$D$5-H10,IF(C10="","",Assumptions!$D$5-(C10+Assumptions!$B$8)))) | L10: =IF(K10="","",IF(K10<0,"Phase 1 (unliquidated)",IF(K10<=Assumptions!$B$7,"Phase 1 (recently liquidated)",IF(K10<=Assumptions!$B$6,"Protest required","Deadline passed — litigation only")))) | M10: =IF(K10="","",IF(H10<>"",H10+Assumptions!$B$6,C10+Assumptions!$B$8+Assumptions!$B$6)) | N10: =IF(K10="","",IF(K10<0,IF(H10<>"",H10+Assumptions!$B$7,C10+Assumptions!$B$8+Assumptions!$B$7),M10)) | O10: =IF(N10="","",N10-Assumptions!$D$5) | R10: =IF(Q10="","",Q10*IF(LEFT(L10,7)="Phase 1",Assumptions!$B$11,Assumptions!$B$12))
J11: =IF(F11="","",F11*G11) | K11: =IF(A11="","",IF(H11<>"",Assumptions!$D$5-H11,IF(C11="","",Assumptions!$D$5-(C11+Assumptions!$B$8)))) | L11: =IF(K11="","",IF(K11<0,"Phase 1 (unliquidated)",IF(K11<=Assumptions!$B$7,"Phase 1 (recently liquidated)",IF(K11<=Assumptions!$B$6,"Protest required","Deadline passed — litigation only")))) | M11: =IF(K11="","",IF(H11<>"",H11+Assumptions!$B$6,C11+Assumptions!$B$8+Assumptions!$B$6)) | N11: =IF(K11="","",IF(K11<0,IF(H11<>"",H11+Assumptions!$B$7,C11+Assumptions!$B$8+Assumptions!$B$7),M11)) | O11: =IF(N11="","",N11-Assumptions!$D$5) | R11: =IF(Q11="","",Q11*IF(LEFT(L11,7)="Phase 1",Assumptions!$B$11,Assumptions!$B$12))
J12: =IF(F12="","",F12*G12) | K12: =IF(A12="","",IF(H12<>"",Assumptions!$D$5-H12,IF(C12="","",Assumptions!$D$5-(C12+Assumptions!$B$8)))) | L12: =IF(K12="","",IF(K12<0,"Phase 1 (unliquidated)",IF(K12<=Assumptions!$B$7,"Phase 1 (recently liquidated)",IF(K12<=Assumptions!$B$6,"Protest required","Deadline passed — litigation only")))) | M12: =IF(K12="","",IF(H12<>"",H12+Assumptions!$B$6,C12+Assumptions!$B$8+Assumptions!$B$6)) | N12: =IF(K12="","",IF(K12<0,IF(H12<>"",H12+Assumptions!$B$7,C12+Assumptions!$B$8+Assumptions!$B$7),M12)) | O12: =IF(N12="","",N12-Assumptions!$D$5) | R12: =IF(Q12="","",Q12*IF(LEFT(L12,7)="Phase 1",Assumptions!$B$11,Assumptions!$B$12))
J13: =IF(F13="","",F13*G13) | K13: =IF(A13="","",IF(H13<>"",Assumptions!$D$5-H13,IF(C13="","",Assumptions!$D$5-(C13+Assumptions!$B$8)))) | L13: =IF(K13="","",IF(K13<0,"Phase 1 (unliquidated)",IF(K13<=Assumptions!$B$7,"Phase 1 (recently liquidated)",IF(K13<=Assumptions!$B$6,"Protest required","Deadline passed — litigation only")))) | M13: =IF(K13="","",IF(H13<>"",H13+Assumptions!$B$6,C13+Assumptions!$B$8+Assumptions!$B$6)) | N13: =IF(K13="","",IF(K13<0,IF(H13<>"",H13+Assumptions!$B$7,C13+Assumptions!$B$8+Assumptions!$B$7),M13)) | O13: =IF(N13="","",N13-Assumptions!$D$5) | R13: =IF(Q13="","",Q13*IF(LEFT(L13,7)="Phase 1",Assumptions!$B$11,Assumptions!$B$12))
J14: =IF(F14="","",F14*G14) | K14: =IF(A14="","",IF(H14<>"",Assumptions!$D$5-H14,IF(C14="","",Assumptions!$D$5-(C14+Assumptions!$B$8)))) | L14: =IF(K14="","",IF(K14<0,"Phase 1 (unliquidated)",IF(K14<=Assumptions!$B$7,"Phase 1 (recently liquidated)",IF(K14<=Assumptions!$B$6,"Protest required","Deadline passed — litigation only")))) | M14: =IF(K14="","",IF(H14<>"",H14+Assumptions!$B$6,C14+Assumptions!$B$8+Assumptions!$B$6)) | N14: =IF(K14="","",IF(K14<0,IF(H14<>"",H14+Assumptions!$B$7,C14+Assumptions!$B$8+Assumptions!$B$7),M14)) | O14: =IF(N14="","",N14-Assumptions!$D$5) | R14: =IF(Q14="","",Q14*IF(LEFT(L14,7)="Phase 1",Assumptions!$B$11,Assumptions!$B$12))
J15: =IF(F15="","",F15*G15) | K15: =IF(A15="","",IF(H15<>"",Assumptions!$D$5-H15,IF(C15="","",Assumptions!$D$5-(C15+Assumptions!$B$8)))) | L15: =IF(K15="","",IF(K15<0,"Phase 1 (unliquidated)",IF(K15<=Assumptions!$B$7,"Phase 1 (recently liquidated)",IF(K15<=Assumptions!$B$6,"Protest required","Deadline passed — litigation only")))) | M15: =IF(K15="","",IF(H15<>"",H15+Assumptions!$B$6,C15+Assumptions!$B$8+Assumptions!$B$6)) | N15: =IF(K15="","",IF(K15<0,IF(H15<>"",H15+Assumptions!$B$7,C15+Assumptions!$B$8+Assumptions!$B$7),M15)) | O15: =IF(N15="","",N15-Assumptions!$D$5) | R15: =IF(Q15="","",Q15*IF(LEFT(L15,7)="Phase 1",Assumptions!$B$11,Assumptions!$B$12))
J16: =IF(F16="","",F16*G16) | K16: =IF(A16="","",IF(H16<>"",Assumptions!$D$5-H16,IF(C16="","",Assumptions!$D$5-(C16+Assumptions!$B$8)))) | L16: =IF(K16="","",IF(K16<0,"Phase 1 (unliquidated)",IF(K16<=Assumptions!$B$7,"Phase 1 (recently liquidated)",IF(K16<=Assumptions!$B$6,"Protest required","Deadline passed — litigation only")))) | M16: =IF(K16="","",IF(H16<>"",H16+Assumptions!$B$6,C16+Assumptions!$B$8+Assumptions!$B$6)) | N16: =IF(K16="","",IF(K16<0,IF(H16<>"",H16+Assumptions!$B$7,C16+Assumptions!$B$8+Assumptions!$B$7),M16)) | O16: =IF(N16="","",N16-Assumptions!$D$5) | R16: =IF(Q16="","",Q16*IF(LEFT(L16,7)="Phase 1",Assumptions!$B$11,Assumptions!$B$12))
... J1000: =IF(F1000="","",F1000*G1000) | K1000: =IF(A1000="","",IF(H1000<>"",Assumptions!$D$5-H1000,IF(C1000="","",Assumptions!$D$5-(C1000+Assumptions!$B$8)))) | L1000: =IF(K1000="","",IF(K1000<0,"Phase 1 (unliquidated)",IF(K1000<=Assumptions!$B$7,"Phase 1 (recently liquidated)",IF(K1000<=Assumptions!$B$6,"Protest required","Deadline passed — litigation only")))) | M1000: =IF(K1000="","",IF(H1000<>"",H1000+Assumptions!$B$6,C1000+Assumptions!$B$8+Assumptions!$B$6)) | N1000: =IF(K1000="","",IF(K1000<0,IF(H1000<>"",H1000+Assumptions!$B$7,C1000+Assumptions!$B$8+Assumptions!$B$7),M1000)) | O1000: =IF(N1000="","",N1000-Assumptions!$D$5) | R1000: =IF(Q1000="","",Q1000*IF(LEFT(L1000,7)="Phase 1",Assumptions!$B$11,Assumptions!$B$12))
A1003: Legend: Phase 1 = filable in CAPE now. Protest required = liquidated >80 days ago, file protest before 'Protest deadline'. 'Y' in column I = liquidation date is ESTIMATED from entry date + lag — replace with the ACE date before relying on it.

Sheet Sources
A1: Where the prospect list comes from (no public register of IEEPA payers exists)
A3: Source | B3: What it gives | C3: Bucket | D3: Cost | E3: Notes
A4: ISED Canadian Importers Database (ic.gc.ca) | B4: Canadian companies importing by HS code and country (US) — names, city | C4: C (surtax) | D4: Free | E4: Public. Filter HS chapters 84/85/73 from US → surtax payers.
A5: ISED Canadian Company Capabilities | B5: Canadian exporters by sector with export markets | C5: A/B | D5: Free | E5: Self-reported; good for first-pass list of US-exporting manufacturers.
A6: ImportGenius / Panjiva / Volza (US import BoL) | B6: US ocean shipments by shipper — Canadian shippers to US, consignee (their US customer = bucket B) | C6: A/B | D6: Paid ($1.5–5k/yr) | E6: Ocean only; most Canada–US freight is truck and not public.
A7: US Court of International Trade docket (PACER) | B7: Companies that sued over IEEPA — proves exposure and sophistication | C7: A/B | D7: Low | E7: Public record.
A8: BC Food & Beverage, BC Wood, CME BC, chambers, EDC exporter lists | B8: Sector directories of US-exporting manufacturers | C8: A | D8: Free/membership | E8: Qualify by phone with the 5 questions.
A9: Client's own US customer list | B9: Warm intros to importers of record who paid 35% | C9: B | D9: Free | E9: The multiplier. Ask after the findings sheet.
A10: CBP CSMS bulletins; CBSA Customs Notices; Finance remission orders | B10: Rule changes, phase openings, deadlines | C10: all | D10: Free | E10: Desk reads daily; changes update Assumptions.
